 Pennant sector,Return
Aerospace and Defense equipment,Diversified Metal and Metal Products
Agricultural Products,Other Agricultural Products
Agriculture - Others,Agricultural Machinery
Air/Shipping Freight and Logistics,Transport Logistics Services
Airlines,Air Transport and Allied Services
Airport Operators,Air Transport and Allied Services
Alternative Carriers,Transport Logistics Services
Aluminum,Aluminium and Aluminium Products
Apparel Retail,Readymade Garments
Application Development and Maintenance,Computer Software
Asset Management Company,Diversified
Auto Components and ancilliary,Automobiles Ancillaries
Automobile Manufacturers - Commercial Vehicles,Automobile
Automobile Manufacturers - Passenger Car,Automobile
Automotive Dealers,Automobile
Aviation and Ground Handling,Air Transport and Allied Services
Banks,Diversified Non-financial Services
Banquet Halls/Party Halls/Pubs/Night Clubs,Alcoholic Beverages Industry
Basmati Rice,Other Agricultural Products
Beverages - Alcholic - Brewers,Alcoholic Beverages Industry
Beverages - Non Alcoholic,Other Consumer Goods
Beverages - Non Alcoholic - Bottlers,Other Consumer Goods
Bicycle Manufacturers,Other Consumer Goods
Biotechnology,Drugs and Pharmaceuticals
Brewers,Alcoholic Beverages Industry
Broking Company,Diversified Non-financial Services
Building Products,Other Construction Material
Casinos and Gaming,Other Consumer Goods
Catalog Retail,Retail Trading
Cement,Cement
Chemical - Agro Chemicals,Pesticides
Chemical - Fertiliser,Fertilisers
Chemicals - Bulk and Polymers,Polymers
Chemicals - Speciality,Other Chemical Products
Coal and Consumable Fuels,Coal and Lignite
Coal washery and beneficiation,Coal and Lignite
Commercial Real Estate Development,Commercial Complexes
Commodity Chemicals,Other Chemical Products
Communications Equipment,Communication Equipment
Computer and Electronics Retail,"Computers, peripherals and storage Device"
Computer Hardware,"Computers, peripherals and storage Device"
Computer Storage and Peripherals,Computer Software
Construction - Commercial and Industrial,Industrial Construction
Construction - Diversified,Other Construction Material
Construction - Irrigation projects,Infrastructural Construction
Construction - Roads and Bridges,Infrastructural Construction
Construction - Water and Waste Management,Infrastructural Construction
Construction Material,Other Construction Material
Consumer Durables - Consumer Electronic products,Consumer Electronics
Consumer Durables - Household Appliances,Other Domestic Appliance
Co-operative Society,Other Consumer Goods
Dairy Products,Dairy Products Industry
Data Processing and Outsourced Services,ITES
Department Stores,Retail Trading
Distillers and Vintners,Alcoholic Beverages Industry
Distributors,Wholesale Trading Industry
Diversified,Diversified
Diversified Chemicals,Other Chemical Products
Diversified Metals and Mining,Diversified Machinery
Diversified Real Estate Development,Diversified
Diversified Support Services,Diversified Non-financial Services
Drug Retail,Drugs and Pharmaceuticals
Edible Oil,Vegetable Oils and Products Industry
Education Services,Education
Electrical Components and Equipment,Misc. Electrical Machinery
Electronic Components- Transformers,Misc. Electrical Machinery
Electronic Components-Others,Consumer Electronics
Electronic Equipment and Instruments,Consumer Electronics
Electronic Manufacturing Services,Consumer Electronics
Engineering and Capital Goods,Industrial Machinery
Environmental and Facilities Services,Other Consumer Goods
Financial Institutions,Diversified Non-financial Services
FMCG,Other Consumer Goods
FMCG - Others,Other Consumer Goods
Food Distributors,Other Consumer Goods
Food Retail,Bakery Products
Footwear,Footware
Forest Products,Wood and Wood Products
Gas Distribution utilities,Natural Gas Trading and Distribution Industry
Gems and Jewellery - Diamond Jewellery and Retailing,Gems and Jewellery
Gems and Jewellery - Diamond Polishing,Gems and Jewellery
Gems and Jewellery - Gold Jewellery and Retailing,Gems and Jewellery
Gems and Jewellery - Others,Gems and Jewellery
General Merchandise Stores,Other Consumer Goods
Gold,Gems and Jewellery
Health Care - Auxilliary services,Healthcare Services
Health Care - Hospital,Healthcare Services
Health Care Distributors,Healthcare Services
Health Care Equipment,Healthcare Services
Health Care Supplies,Healthcare Services
Health Care Technology,Healthcare Services
Heavy Electrical Equipment - Others,Diversified Metal and Metal Products
Heavy Electrical Equipment - Transformers,Misc. Electrical Machinery
Heavy Electrical Equipment and EPC,Diversified Machinery
Highways Tolling,Road Transport and Allied Services
Home Entertainment Software,Computer Software
Home Furnishings,Housing Construction
Home Improvement Retail,Housing Construction
Homebuilding,Housing Construction
Homefurnishing Retail,Housing Construction
Hotels and Resorts,Hotels and Restaurants
Housewares and Specialties,Other Consumer Goods
Housing Finance Company,Housing Construction
Human Resource and Employment Services,Housing Construction
Hypermarkets and Super Centers,Business services and consultancy
Independent Power Producers and Energy Traders,Electricity Generation
Industrial Gases,Diversified Metal and Metal Products
Industrial Machinery and consumables,Industrial Machinery
Industrial Paper,Paper Products
Insurance companies,Other Non-ferrous Metals and Metal Products I
Integrated Oil and Gas,Crude Oil and Natural Gas
Integrated Telecommunication Services,Telecommunication Services
Internet Retail,ITES
Internet Software and Services,ITES
IT Consulting and Other Services,ITES
Leather and Leather goods,Leather
Leisure Facilities,Tourism Industry
Leisure Products,Other Consumer Goods
Life Sciences Tools and Services,Drugs and Pharmaceuticals
Managed Health Care,Healthcare Services
Manpower supplier,Business services and consultancy
Marine Ports and Services,Shipping Transport and Allied Services
"Meat, Poultry and Fish",Diversified Manufacturing
Media - Advertising,Media and Print
Media - Broadcasting,Media and Print
Media - Cable and Satellite,Media and Print
Media - Movies and Entertainment,Media and Print
Microfinance,Diversified Non-financial Services
Mobile service operators,Telecommunication Services
Mobile tower operators,Telecommunication Services
Motorcycle Manufacturers,Automobile
Newsprint,Media and Print
Non-Banking Financial Company - Deposit Taking,Diversified Non-financial Services
Non-Banking Financial Company - Non-Deposit Taking,Diversified Non-financial Services
Office Electronics,Other Electronics
Office Equipments and writing instruments,Other Industrial Machinery
Oil and Gas Drilling,Crude Oil and Natural Gas
Oil and Gas Equipment and Services,Crude Oil and Natural Gas
Oil and Gas Exploration and Production,Crude Oil and Natural Gas
Oil and Gas Refining and Marketing,Diversified
Oil and Gas Storage and Transportation,Crude Oil and Natural Gas
Other packaged foods,Other Consumer Goods
Packaged Foods and Meats,Processed Foods Industry
"Packaging - Metal, plastic and Glass",Diversified Metal and Metal Products
Packaging - Paper,Paper Products
Passive Infrastcuture manufacturers,Other Industrial Machinery
Pharmaceuticals - Bulk Drugs,Drugs and Pharmaceuticals
Pharmaceuticals - Contract Manufacturing,Drugs and Pharmaceuticals
Pharmaceuticals - Formulation,Drugs and Pharmaceuticals
Pharmaceuticals - Others,Drugs and Pharmaceuticals
Photographic Products,Other Consumer Goods
Pipe and Pipe Fittings,Steel Pipes and Tubes
Plywood and Laminates,Wood and Wood Products
Poultry and meat products,Poultry and Meat Products
Power Storage equipments,Misc. Electrical Machinery
Power Utilities,Electricity Generation
Precious Metals and Minerals,Gems and Jewellery
Printing,Media and Print
Publishing,Books and Cards
Railroads,Railway Transport and Allied Services
Real Estate Operating Companies,Diversified
Real Estate Services,Diversified Non-financial Services
Research and Consulting Services,Business services and consultancy
Residential Real Estate Development,Housing Construction
Restaurants,Hotels and Restaurants
Security Services,Business services and consultancy
Semiconductor Equipment,Diversified Manufacturing
Semiconductors,Consumer Electronics
Ship Breaking,Diversified Metal and Metal Products
Ship Building,Shipping
Ship Building1,Shipping Transport and Allied Services
Shipping,Shipping
Soft Drinks,Other Consumer Goods
Speciality Paper,Paper Products
Specialized Consumer Services,Other Consumer Goods
Specialty Stores,Other Consumer Goods
Steel - Billet/ Ingot,Steel
Steel - Ferro Alloys,Ferro Alloys
Steel - Integrated TMT/ Rolled/ Structural products,Steel
Steel - Iron Ore Mining,Diversified Metal and Metal Products
Steel - Non integrated TMT/ Rolled/ Structural products,Steel
Steel - Others,Steel
Steel - Primary Steel Producers,Steel
Steel - Semi integrated TMT/ Rolled/ Structural products,Steel
Steel - Sponge/ Pig Iron,Pig Iron
Sugar,Sugar Industry
Systems Software,Computer Software
Tea and Coffee,Tea Industry
Technology Distributors,Diversified
Textile - Cotton - Integrated,Cotton and Blended Yarn
Textile - Cotton - Spinning,Cotton and Blended Yarn
Textile - Jute,Textile Processing
Textile - Manmade - Integrated,Textile Processing
Textile - Manmade - Spinning,Textile Processing
Textile - Others,Textile Others
Textile - RMG,Textile Processing
"Textile - Weaving, Knitting and Processing",Textile Processing
Textiles- Ginning,Textile Processing
Tobacco,Tobacco Products Industry
Tobacco Processors,Tobacco Products Industry
"Tours, Travels, Ticketing Agents",Tourism Industry
Tractors and Farm Equipments,Agricultural Machinery
Traders,Retail Trading
Trading,Wholesale Trading Industry
Tranmission Tower,Electricity Transmission and Distribution Industry
Transmission Towers,Electricity Transmission and Distribution Industry
Transport and Logistics,Transport Logistics Services
Travel agent and tour operator,Tourism Industry
Tyres and Rubber,Rubber Products
Urban Local Bodies,infrastructural construction
Water Utilities,Electricity Transmission and Distribution Industry
Wheat Flour and related products,Bakery Products
Writing and Printing Paper (WPP),Paper Products
"Minors, Association of persons, Trusts",Diversified
Practising Lawyers,Business Services and Consultancy
Courier Companies,Transport Logistics Services
"Video parlour ,Internet caf and Cable Operators",Communication Equipment
"Collection Agencies, Tax consultants",Business Services and Consultancy
STD / Photo Copy booth owners,Other Consumer Goods
"Investment Companies, Chit funds and employees of these firms",Diversified
"Driver and conductors of STRC, Commercial vehicle drivers, Taxi and Auto Rickshaw Drivers",Road Transport and Allied Services
Politicians and their immediate family members,Diversified
Security Services Companies and their Employees,Business Services and Consultancy
"Stock Brokers, Insurance and Mutual Fund Agents",Diversified
Petrol Pumps and Gas Agencies - LPG/CNG Distributors,Petroleum Products
Mine and Quarry workers,Mining and Construction Equipment
Plantation / Time Share companies,Other Consumer Goods
Press and Media Journalists / companies,Media and Print
"Actors, Film producers, film financiers, technicians, Cinema Halls, Entertainer, Advertising film, Ad maker. Ad agencies are allowed.",Media and Print
Police personnel including intelligence agencies,Diversified
Hotel Industry including business of guest house and PG accommodation,Tourism Industry
Property owned through Power of Attorney,Other Consumer Goods
Driving Schools,Education
Daily wage labourers and cash salaried employees,Other Consumer Goods
Employees of companies under financial /credit stress,Other Consumer Goods
Government contractor / Contractors (including Class 1/A class Contractors) and labour contractors,Diversified
Manpower consultants,Business Services and Consultancy
Money service business,Business services and consultancy
Non IATA approved travel agencies,Tourism Industry
Scrap dealers,Diversified Metal and Metal Products
Military equipment dealers,Diversified Metal and Metal Products
"Car dealers, Tourist taxi operators including Ola/Uber etc.",Automobile
Blue collar workers,Diversified Metal and Metal Products
Small retail shops / vendors (e.g. Fruit sellers / eateries etc.),Other Consumer Goods
Money lending companies,Other Consumer Goods
MLM firms,Other Consumer Goods
"Developers, real estate brokers, Employees of small time developers and employees of real estate brokers",Diversified
Jewellers / Gold Smith  Manufacturing and Trading (all bullion),Gems and Jewellery
Transporters,Road Transport and Allied Services
Liquor manufacturers distributors and Traders and Bar/Permit Room/Liquor Wine-shop Owners,Alcoholic Beverages Industry
Astrologer / Vastu Consultants,Other Consumer Goods
Infrastructure/Civil / Telecom contractors and profile related to infrastructures space,Infrastructural Construction
Brick Kiln owners  Manufacturing and Trading,Diversified Manufacturing
Gyms and Health Clubs,Healthcare Services
Verification Agency Owners and its employees. DSA/ Outsourced agencies of financial products  owners/ agents/agency. Owner/agent of Collection agencies,Other Consumer Goods
"Businesses dealing in Plastic disposables (which includes PET bottles, Polythene carry bags, Thermocol products, plastic Cutlery and Disposables.) Note: Industrial use packaging material and plastic products are allowed.",Other Consumer Goods
"Tea stall ,Snacks parlour ,Hookah Lounge/Parlour",Other Misc Services
"Heavy construction equipment like JCB, Crane, excavator etc. (manufacturing / trading / rental business)",Mining and Construction Equipment
Plantations/Nursery,Other Agricultural Products
Unani Doctor/Alternative medicine,Other Consumer Goods
Skin Care /Beauty Treatment / Hair Loss Treatment Clinic,"Cosmetics, Toiletries, Soaps and Detergents"
Cosmetic Dental (without professional qualification),"Cosmetics, Toiletries, Soaps and Detergents"
Tuition/Coaching centres/Education Institute. (Professional course allowed),Education
Beauty parlour / Spa / Saloon / Tattoo parlour,"Cosmetics, Toiletries, Soaps and Detergents"
Manufacturers having manufacturing facilities in residential premises/ areas or non- confirming areas.,Diversified Manufacturing
Business being operated from Business centres.,Business services and consultancy
Applicants with residence status of Shared Accommodation / Paying Guest / Hostel / Sublet Accommodations.,Diversified Non-financial Services
Residence cum office profile customers with no separate office setup.,Other Consumer Goods
All entities dealing in Coal Segment,Coal and Lignite
Edible Oil Business  Manufacturing and Trading,Vegetable Oils and Products Industry
Small time Software company and BPO (allowed with TO > 15 Cr),Computer Software
Iron and Steel Traders (excluding ancillary products),Diversified Metal and Metal Products
"Mobile handset trader, wholesaler, retailer, franchisee and accessories",Other Consumer Goods
"Auto Dealers (including 4WH, 2WH, Tractor, Bicycle)",Automobile
Auto garage / Car spa/ Motor mechanics/ Small auto repair shops,Automobile
NA,Diversified
